ac_number,constituency,,male,female,third_gender,total
1,Gummidipoondi,,123403,130736,36,254175
2,Ponneri,,122315,129071,35,251421
3,Tiruttani,,130026,132449,25,262500
4,Thiruvallur,,122289,128786,36,251111
5,Poonamallee,,179193,189432,69,368694
6,Avadi,,213438,223008,76,436522
7,Maduravoyal,,183998,189242,81,373321
8,Ambattur,,165415,171608,58,337081
9,Madavaram,,211303,220482,81,431866
10,Thiruvottiyur,,119231,125579,121,244931
11,Dr.Radhakrishnan Nagar,,95281,104017,96,199394
12,Perambur,,109732,116540,73,226345
13,Kolathur,,101844,109953,36,211833
14,Villivakkam,,78710,84673,33,163416
15,Thiru-Vi-Ka-Nagar,,87116,94479,63,181658
16,Egmore,,67560,71179,57,138796
17,Royapuram,,77226,82388,58,159672
18,Harbour,,59785,60300,57,120142
19,Chepauk-Thiruvallikeni,,80462,85529,59,166050
20,Thousand Lights,,75257,82225,69,157551
21,Anna Nagar,,90874,97986,48,188908
22,Virugampakkam,,97011,103564,52,200627
23,Saidapet,,98561,105554,62,204177
24,Thiyagarayanagar,,76541,82216,34,158791
25,Mylapore,,95298,104174,24,199496
26,Velachery,,104934,112227,47,217208
27,Shozhinganallur,,270734,283128,116,553978
28,Alandur,,146303,154782,42,301127
29,Sriperumbudur,,184620,197124,63,381807
30,Pallavaram,,164387,172613,24,337024
31,Tambaram,,160542,169588,51,330181
32,Chengalpattu,,181113,191719,57,372889
33,Thiruporur,,143284,151114,54,294452
34,Cheyyur,,100967,103062,20,204049
35,Madurantakam,,104522,108079,65,212666
36,Uthiramerur,,119629,126557,62,246248
37,Kancheepuram,,134971,143833,37,278841
38,Arakkonam,,97891,103069,26,200986
39,Sholingur,,127210,130854,12,258076
40,Katpadi,,111580,118535,33,230148
41,Ranipet,,120877,128040,45,248962
42,Arcot,,121352,125406,28,246786
43,Vellore,,103632,111267,47,214946
44,Anaikattu,,117577,123020,43,240640
45,Kilvaithinankuppam,,107004,110009,8,217021
46,Gudiyattam,,122808,129222,34,252064
47,Vaniyambadi,,120350,122919,51,243320
48,Ambur,,104747,110110,41,214898
49,Jolarpet,,118010,119435,20,237465
50,Tiruppattur(AC-50),,113338,113985,29,227352
51,Uthangarai,,118275,117609,41,235925
52,Bargur,,119224,121235,17,240476
53,Krishnagiri,,132866,136467,61,269394
54,Veppanahalli,,125068,121633,38,246739
55,Hosur,,171306,171662,72,343040
56,Thalli,,120911,117013,37,237961
57,Palacodu,,121408,119432,21,240861
58,Pennagaram,,128018,120805,9,248832
59,Dharmapuri,,130887,130008,84,260979
60,Pappireddipatti,,128665,128337,14,257016
61,Harur,,122608,123339,24,245971
62,Chengam,,134094,135316,13,269423
63,Tiruvannamalai,,121132,128846,48,250026
64,Kilpennathur,,119081,122113,15,241209
65,Kalasapakkam,,115844,117733,18,233595
66,Polur,,116131,118949,11,235091
67,Arani,,125648,130788,38,256474
68,Cheyyar,,118003,121996,9,240008
69,Vandavasi,,105468,108101,5,213574
70,Gingee,,120357,122606,29,242992
71,Mailam,,104130,104949,19,209098
72,Tindivanam,,107538,111751,11,219300
73,Vanur,,102776,107093,16,209885
74,Viluppuram,,119713,126205,76,245994
75,Vikravandi,,112953,116200,29,229182
76,Tirukkoyilur,,122277,121092,35,243404
77,Ulundurpettai,,150496,150249,44,300789
78,Rishivandiyam,,136706,136884,51,273641
79,Sankarapuram,,131559,134400,44,266003
80,Kallakurichi,,139007,142547,68,281622
81,Gangavalli,,106406,111962,7,218375
82,Attur,,110787,117410,22,228219
83,Yercaud,,133812,139107,18,272937
84,Omalur,,150257,144584,22,294863
85,Mettur,,129034,126820,15,255869
86,Edappadi,,139764,136678,30,276472
87,Sankari,,131472,129088,30,260590
88,Salem (West),,128491,129485,64,258040
89,Salem (North),,116011,122624,50,238685
90,Salem (South),,111277,115554,49,226880
91,Veerapandi,,125773,124714,17,250504
92,Rasipuram,,108636,113655,13,222304
93,Senthamangalam,,112168,117288,26,229482
94,Namakkal,,114433,123443,39,237915
95,Paramathi-Velur,,98548,106657,10,205215
96,Tiruchengodu,,101443,107608,48,209099
97,Kumarapalayam,,106211,113789,72,220072
98,Erode (East),,85826,93728,38,179592
99,Erode (West),,120471,129703,43,250217
100,Modakkurichi,,99272,108413,12,207697
101,Dharapuram,,106903,115523,8,222434
102,Kangayam,,105102,114471,13,219586
103,Perundurai,,102869,111576,6,214451
104,Bhavani,,109054,114147,20,223221
105,Anthiyur,,101150,106236,27,207413
106,Gobichettipalayam,,114089,125096,13,239198
107,Bhavanisagar,,114711,122895,23,237629
108,Udhagamandalam,,89870,99087,11,188968
109,Gudalur,,89970,95483,7,185460
110,Coonoor,,84146,93824,8,177978
111,Mettuppalayam,,134272,147928,35,282235
112,Avanashi,,121271,132093,8,253372
113,Tiruppur (North),,155095,160643,125,315863
114,Tiruppur (South),,96204,100876,24,197104
115,Palladam,,159580,170265,30,329875
116,Sulur,,147942,159656,101,307699
117,Kavundampalayam,,205276,216849,115,422240
118,Coimbatore (North),,145895,151070,29,296994
119,Thondamuthur,,141685,151588,106,293379
120,Coimbatore (South),,91334,97546,32,188912
121,Singanallur,,130577,139396,24,269997
122,Kinathukadavu,,147104,158779,36,305919
123,Pollachi,,97029,106944,35,204008
124,Valparai,,82150,91488,21,173659
125,Udumalaipettai,,110206,120776,27,231009
126,Madathukulam,,103272,111549,16,214837
127,Palani,,116943,122888,50,239881
128,Oddanchatram,,105658,114603,2,220263
129,Athoor,,126424,135888,17,262329
130,Nilakkottai,,108759,112792,14,221565
131,Natham,,128463,132861,69,261393
132,Dindigul,,116968,125138,20,242126
133,Vedasandur,,119371,124624,3,243998
134,Aravakurichi,,93193,102343,2,195538
135,Karur,,108303,121724,41,230068
136,Krishnarayapuram,,98730,104329,31,203090
137,Kulithalai,,109083,114286,7,223376
138,Manapparai,,132297,135860,8,268165
139,Srirangam,,139304,147863,47,287214
140,Tiruchirappalli (West),,114480,124465,35,238980
141,Tiruchirappalli (East),,106303,113883,54,220240
142,Thiruverumbur,,125997,133650,54,259701
143,Lalgudi,,102852,109523,28,212403
144,Manachanallur,,114439,122155,38,236632
145,Musiri,,104395,109736,15,214146
146,Thuraiyur,,101958,108764,31,210753
147,Perambalur,,141002,149700,29,290731
148,Kunnam,,132377,135775,3,268155
149,Ariyalur,,130401,132739,16,263156
150,Jayankondam,,130779,133071,12,263862
151,Tittakudi,,102749,106253,4,209006
152,Vriddhachalam,,119709,121113,22,240844
153,Neyveli,,95570,95751,16,191337
154,Panruti,,117312,124455,72,241839
155,Cuddalore,,106273,116890,80,223243
156,Kurinjipadi,,116933,121308,46,238287
157,Bhuvanagiri,,115865,117469,19,233353
158,Chidambaram,,113648,117647,30,231325
159,Kattumannarkoil,,112652,113847,10,226509
160,Sirkazhi,,119650,121769,13,241432
161,Mayiladuthurai,,115519,119077,26,234622
162,Poompuhar,,128012,131312,8,259332
163,Nagapattinam,,85318,89396,22,174736
164,Kilvelur,,84174,86452,7,170633
165,Vedaranyam,,92434,95092,1,187527
166,Thiruthuraipoondi,,111654,115273,13,226940
167,Mannargudi,,113724,120826,4,234554
168,Thiruvarur,,127141,132984,20,260145
169,Nannilam,,132488,135074,14,267576
170,Thiruvidaimarudur,,126301,130705,8,257014
171,Kumbakonam,,123565,130803,15,254383
172,Papanasam,,124835,131759,23,256617
173,Thiruvaiyaru,,126442,132135,20,258597
174,Thanjavur,,120469,132322,50,252841
175,Orathanadu,,113523,120229,6,233758
176,Pattukkottai,,116063,126368,20,242451
177,Peravurani,,104814,109145,15,213974
178,Gandharvakottai,,98651,97444,9,196104
179,Viralimalai,,110937,114188,34,225159
180,Pudukkottai,,110873,115114,22,226009
181,Thirumayam,,107642,112977,3,220622
182,Alangudi,,104833,107306,0,212139
183,Aranthangi,,113235,116597,2,229834
184,Karaikudi,,149478,156617,29,306124
185,Tiruppattur(AC-185),,135526,140469,4,275999
186,Sivaganga,,136503,142103,3,278609
187,Manamadurai,,128154,132042,7,260203
188,Melur,,114265,115785,11,230061
189,Madurai East,,164049,172632,57,336738
190,Sholavandan,,105847,109489,12,215348
191,Madurai North,,107562,113714,50,221326
192,Madurai South,,88345,91609,49,180003
193,Madurai Central,,97051,102648,26,199725
194,Madurai West,,135219,140458,12,275689
195,Thiruparankundram,,152686,158988,31,311705
196,Thirumangalam,,128372,134567,9,262948
197,Usilampatti,,134096,133865,8,267969
198,Andipatti,,126975,130992,30,257997
199,Periyakulam,,130120,136340,110,266570
200,Bodinayakanur,,128663,135707,16,264386
201,Cumbum,,124942,132359,22,257323
202,Rajapalayam,,104592,110021,33,214646
203,Srivilliputhur,,109704,115160,39,224903
204,Sattur,,112159,117928,62,230149
205,Sivakasi,,110989,117448,28,228465
206,Virudhunagar,,97702,103195,41,200938
207,Aruppukkottai,,101021,107118,29,208168
208,Tiruchuli,,101535,104131,15,205681
209,Paramakudi,,116769,118322,18,235109
210,Tiruvadanai,,141198,142909,23,284130
211,Ramanathapuram,,153584,158866,13,312463
212,Mudhukulathur,,149600,150100,2,299702
213,Vilathikulam,,100955,104494,16,205465
214,Thoothukkudi,,121897,128841,65,250803
215,Tiruchendur,,113532,119499,30,233061
216,Srivaikuntam,,106078,108547,5,214630
217,Ottapidaram,,119629,125001,56,244686
218,Kovilpatti,,117661,124669,29,242359
219,Sankarankovil,,116467,122551,17,239035
220,Vasudevanallur,,112113,117053,13,229179
221,Kadayanallur,,133499,136207,17,269723
222,Tenkasi,,137606,144294,102,282002
223,Alangulam,,124973,130736,21,255730
224,Tirunelveli,,133987,142229,80,276296
225,Ambasamudram,,110714,117520,12,228246
226,Palayamkottai,,125093,132387,18,257498
227,Nanguneri,,126747,130720,13,257480
228,Radhapuram,,121832,125455,23,247310
229,Kanniyakumari,,142753,146714,94,289561
230,Nagercoil,,127154,132197,10,259361
231,Colachal,,133550,132504,1,266055
232,Padmanabhapuram,,119087,118070,3,237160
233,Vilavancode,,114567,114127,3,228697
234,Killiyoor,,125668,121606,15,247289
,,,28097003,29307062,7728,57411793
